{"topic 4": {"m. camus": {"total": 8.175612063848066, "count": 894, "prob": 0.00914497993719023}, "m. thouret": {"total": 4.814065902191522, "count": 624, "prob": 0.007714849202230003}, "m. gaultier de biauzat": {"total": 1.6747941686502834, "count": 134, "prob": 0.012498463945151368}, "m. d\u00e9meunier": {"total": 8.917631128794827, "count": 980, "prob": 0.009099623600811048}, "m. le chapelier": {"total": 8.63935190349685, "count": 733, "prob": 0.01178629181923172}, "m. le comte de mirabeau": {"total": 45.065096579738565, "count": 707, "prob": 0.06374129643527378}, "m. l'abb\u00e9 maury": {"total": 21.066919014515452, "count": 762, "prob": 0.02764687534713314}, "m. goupil de pr\u00e9feln": {"total": 2.1651481909883206, "count": 168, "prob": 0.012887786851120955}, "m. regnaud": {"total": 8.216514107168926, "count": 560, "prob": 0.014672346619944512}, "m. d'andr\u00e9": {"total": 11.539568395048967, "count": 846, "prob": 0.01364015176719736}}, "topic 10": {"m. camus": {"total": 35.21118519719175, "count": 894, "prob": 0.03938611319596393}, "m. thouret": {"total": 19.349042122390962, "count": 624, "prob": 0.03100808032434449}, "m. gaultier de biauzat": {"total": 5.1513267529910145, "count": 134, "prob": 0.03844273696261951}, "m. d\u00e9meunier": {"total": 44.34013063432376, "count": 980, "prob": 0.04524503125951404}, "m. le chapelier": {"total": 44.70815843919263, "count": 733, "prob": 0.06099339486929418}, "m. le comte de mirabeau": {"total": 72.07344553424001, "count": 707, "prob": 0.10194263866229139}, "m. l'abb\u00e9 maury": {"total": 29.047017475427825, "count": 762, "prob": 0.0381194455058108}, "m. goupil de pr\u00e9feln": {"total": 12.249211673590764, "count": 168, "prob": 0.07291197424756407}, "m. regnaud": {"total": 19.253625973979958, "count": 560, "prob": 0.03438147495353564}, "m. d'andr\u00e9": {"total": 62.25253922656555, "count": 846, "prob": 0.07358456173352902}}, "topic 14": {"m. camus": {"total": 6.7583626730973805, "count": 894, "prob": 0.007559689790936667}, "m. thouret": {"total": 1.7962763145765912, "count": 624, "prob": 0.0028786479400265885}, "m. gaultier de biauzat": {"total": 0.4231663705159218, "count": 134, "prob": 0.0031579579889247896}, "m. d\u00e9meunier": {"total": 1.6538184826823554, "count": 980, "prob": 0.0016875698802881179}, "m. le chapelier": {"total": 1.785763833911758, "count": 733, "prob": 0.002436239882553558}, "m. le comte de mirabeau": {"total": 2.921302550969428, "count": 707, "prob": 0.004131969661908668}, "m. l'abb\u00e9 maury": {"total": 5.047363447575421, "count": 762, "prob": 0.0066238365453745686}, "m. goupil de pr\u00e9feln": {"total": 1.267730401175311, "count": 168, "prob": 0.007546014292710184}, "m. regnaud": {"total": 1.4256669602931156, "count": 560, "prob": 0.002545833857666278}, "m. d'andr\u00e9": {"total": 1.6167414277905015, "count": 846, "prob": 0.0019110418768209236}}, "topic 17": {"m. camus": {"total": 2.278250144101662, "count": 894, "prob": 0.0025483782372501813}, "m. thouret": {"total": 7.617744463547362, "count": 624, "prob": 0.01220792381978744}, "m. gaultier de biauzat": {"total": 0.5473502756796352, "count": 134, "prob": 0.004084703549848024}, "m. d\u00e9meunier": {"total": 6.867313811940957, "count": 980, "prob": 0.00700746307340914}, "m. le chapelier": {"total": 5.436599054496621, "count": 733, "prob": 0.007416915490445594}, "m. le comte de mirabeau": {"total": 3.0335335321618437, "count": 707, "prob": 0.0042907122095641355}, "m. l'abb\u00e9 maury": {"total": 7.420625382985106, "count": 762, "prob": 0.00973835352097783}, "m. goupil de pr\u00e9feln": {"total": 3.275094244866552, "count": 168, "prob": 0.019494608600396143}, "m. regnaud": {"total": 2.8214342738260143, "count": 560, "prob": 0.0050382754889750254}, "m. d'andr\u00e9": {"total": 4.767180259600516, "count": 846, "prob": 0.005634964845863494}}, "topic 27": {"m. camus": {"total": 3.5457492587135886, "count": 894, "prob": 0.003966162481782538}, "m. thouret": {"total": 0.06216810965579558, "count": 624, "prob": 9.962838085864676e-05}, "m. gaultier de biauzat": {"total": 0.027015175796001857, "count": 134, "prob": 0.00020160578952240193}, "m. d\u00e9meunier": {"total": 0.1856041793288545, "count": 980, "prob": 0.00018939201972332094}, "m. le chapelier": {"total": 0.41796304660309763, "count": 733, "prob": 0.0005702087948200514}, "m. le comte de mirabeau": {"total": 0.15361466648951844, "count": 707, "prob": 0.00021727675599649002}, "m. l'abb\u00e9 maury": {"total": 0.127069568317747, "count": 762, "prob": 0.00016675796367158398}, "m. goupil de pr\u00e9feln": {"total": 0.40949601557682314, "count": 168, "prob": 0.0024374762831953756}, "m. regnaud": {"total": 0.23215884998305641, "count": 560, "prob": 0.0004145693749697436}, "m. d'andr\u00e9": {"total": 0.18631547727769743, "count": 846, "prob": 0.0002202310606119355}}, "topic 32": {"m. camus": {"total": 9.450317010306213, "count": 894, "prob": 0.010570824396315674}, "m. thouret": {"total": 12.253870821761078, "count": 624, "prob": 0.019637613496411983}, "m. gaultier de biauzat": {"total": 1.0134067361435168, "count": 134, "prob": 0.0075627368368919165}, "m. d\u00e9meunier": {"total": 8.498675135755645, "count": 980, "prob": 0.008672117485464944}, "m. le chapelier": {"total": 10.086218911017566, "count": 733, "prob": 0.013760189510255889}, "m. le comte de mirabeau": {"total": 10.666710692080208, "count": 707, "prob": 0.015087285278755599}, "m. l'abb\u00e9 maury": {"total": 7.790832030423202, "count": 762, "prob": 0.010224189016303415}, "m. goupil de pr\u00e9feln": {"total": 2.3928054341757306, "count": 168, "prob": 0.014242889489141253}, "m. regnaud": {"total": 6.799434856237216, "count": 560, "prob": 0.012141847957566457}, "m. d'andr\u00e9": {"total": 8.825626896272201, "count": 846, "prob": 0.010432183092520333}}, "topic 45": {"m. camus": {"total": 1.026563554837387, "count": 894, "prob": 0.0011482813812498736}, "m. thouret": {"total": 1.0368109688501461, "count": 624, "prob": 0.001661556039823952}, "m. gaultier de biauzat": {"total": 0.24874659443961042, "count": 134, "prob": 0.0018563178689523165}, "m. d\u00e9meunier": {"total": 1.7755137321324117, "count": 980, "prob": 0.001811748706257563}, "m. le chapelier": {"total": 2.5626802534983, "count": 733, "prob": 0.0034961531425624828}, "m. le comte de mirabeau": {"total": 1.1254908837172892, "count": 707, "prob": 0.0015919248708872549}, "m. l'abb\u00e9 maury": {"total": 0.9449822118537116, "count": 762, "prob": 0.00124013413629096}, "m. goupil de pr\u00e9feln": {"total": 0.4009542275202239, "count": 168, "prob": 0.0023866323066679997}, "m. regnaud": {"total": 1.1628970574084092, "count": 560, "prob": 0.002076601888229302}, "m. d'andr\u00e9": {"total": 3.1006910920182964, "count": 846, "prob": 0.0036651194941114615}}, "topic 60": {"m. camus": {"total": 14.812944721557749, "count": 894, "prob": 0.0165692893977156}, "m. thouret": {"total": 8.459341616798714, "count": 624, "prob": 0.013556637206408194}, "m. gaultier de biauzat": {"total": 1.6854995658725815, "count": 134, "prob": 0.012578354969198369}, "m. d\u00e9meunier": {"total": 18.398190755507912, "count": 980, "prob": 0.018773664036232564}, "m. le chapelier": {"total": 14.1064604388063, "count": 733, "prob": 0.019244830066584312}, "m. le comte de mirabeau": {"total": 30.7961798100272, "count": 707, "prob": 0.04355895305520113}, "m. l'abb\u00e9 maury": {"total": 151.5432803222251, "count": 762, "prob": 0.1988756959609253}, "m. goupil de pr\u00e9feln": {"total": 3.3286486408489755, "count": 168, "prob": 0.019813384766958188}, "m. regnaud": {"total": 12.735278081418588, "count": 560, "prob": 0.022741568002533193}, "m. d'andr\u00e9": {"total": 28.609060214407418, "count": 846, "prob": 0.03381685604539884}}, "topic 70": {"m. camus": {"total": 24.329236860840258, "count": 894, "prob": 0.02721391147744995}, "m. thouret": {"total": 5.63080801654555, "count": 624, "prob": 0.009023730795746074}, "m. gaultier de biauzat": {"total": 17.514441285422556, "count": 134,