{"topic 10": {"1789-07": {"total": 21.92429752272649, "count": 506, "prob": 0.043328651230684766}, "1789-08": {"total": 45.69483874316827, "count": 744, "prob": 0.06141779400963477}, "1789-09": {"total": 63.78630242095963, "count": 730, "prob": 0.08737849646706798}, "1789-10": {"total": 56.50228572853253, "count": 861, "prob": 0.06562402523639085}, "1789-11": {"total": 57.27843064376944, "count": 882, "prob": 0.06494153134214223}, "1789-12": {"total": 61.54099769805559, "count": 1039, "prob": 0.05923098912228642}, "1790-01": {"total": 58.767657087459405, "count": 1033, "prob": 0.05689027791622401}, "1790-02": {"total": 75.81380434490612, "count": 1226, "prob": 0.06183833959617138}, "1790-03": {"total": 78.67645199252222, "count": 1488, "prob": 0.052873959672393965}, "1790-05": {"total": 83.04922398087534, "count": 1311, "prob": 0.06334799693430614}, "1790-04": {"total": 81.14873644260308, "count": 1405, "prob": 0.0577571077883296}, "1790-06": {"total": 91.78258574263656, "count": 1849, "prob": 0.049639040423275584}, "1790-07": {"total": 92.62700217143387, "count": 1973, "prob": 0.046947289493884374}, "1790-08": {"total": 99.44975673839882, "count": 1916, "prob": 0.05190488347515596}, "1790-09": {"total": 49.98842321016013, "count": 1130, "prob": 0.04423754266385852}, "1790-11": {"total": 73.78960170729485, "count": 1548, "prob": 0.047667701361301586}, "1790-10": {"total": 71.99316355574477, "count": 1367, "prob": 0.05266507941166406}, "1790-12": {"total": 53.188672743504696, "count": 1210, "prob": 0.04395758077975595}, "1791-01": {"total": 99.5831484647704, "count": 2063, "prob": 0.048271036580111684}, "1791-02": {"total": 128.40695867203172, "count": 2212, "prob": 0.05805016214829644}, "1791-03": {"total": 128.82272160461798, "count": 2363, "prob": 0.05451659822455268}, "1791-05": {"total": 235.18885401042866, "count": 3199, "prob": 0.07351949171942128}, "1791-04": {"total": 125.48833464625274, "count": 2255, "prob": 0.055648928889690794}, "1791-06": {"total": 187.48528364884106, "count": 3524, "prob": 0.053202407391839124}, "1791-07": {"total": 83.63242844328073, "count": 2425, "prob": 0.03448759935805391}, "1791-08": {"total": 161.97751225257986, "count": 2984, "prob": 0.054282008127540166}, "1791-09": {"total": 116.7557977648181, "count": 2291, "prob": 0.050962810023927586}}, "topic 14": {"1789-07": {"total": 1.2720213364900648, "count": 506, "prob": 0.0025138761590712743}, "1789-08": {"total": 6.102084768499934, "count": 744, "prob": 0.008201726839381633}, "1789-09": {"total": 2.0966921668628253, "count": 730, "prob": 0.002872181050497021}, "1789-10": {"total": 4.00916209943806, "count": 861, "prob": 0.004656401973795656}, "1789-11": {"total": 3.3148221916330463, "count": 882, "prob": 0.0037583018045726146}, "1789-12": {"total": 2.8149997837106864, "count": 1039, "prob": 0.0027093356917330955}, "1790-01": {"total": 2.7388788408987566, "count": 1033, "prob": 0.0026513831954489415}, "1790-02": {"total": 5.336335167956041, "count": 1226, "prob": 0.004352638799311616}, "1790-03": {"total": 3.550813597067794, "count": 1488, "prob": 0.002386299460395023}, "1790-05": {"total": 8.133507388555861, "count": 1311, "prob": 0.006204048351301191}, "1790-04": {"total": 9.967098267319791, "count": 1405, "prob": 0.007094020119088819}, "1790-06": {"total": 50.88154671006483, "count": 1849, "prob": 0.027518413580348747}, "1790-07": {"total": 7.940347095980126, "count": 1973, "prob": 0.004024504356806957}, "1790-08": {"total": 4.685953887852536, "count": 1916, "prob": 0.0024456961836391107}, "1790-09": {"total": 3.1293648355017134, "count": 1130, "prob": 0.002769349411948419}, "1790-11": {"total": 8.810546216478352, "count": 1548, "prob": 0.005691567323306429}, "1790-10": {"total": 2.4145270507574024, "count": 1367, "prob": 0.00176629630633314}, "1790-12": {"total": 4.712248179916179, "count": 1210, "prob": 0.0038944199834018006}, "1791-01": {"total": 20.10832167404547, "count": 2063, "prob": 0.009747126356784038}, "1791-02": {"total": 10.255602382034496, "count": 2212, "prob": 0.004636348273975812}, "1791-03": {"total": 7.949018166088831, "count": 2363, "prob": 0.00336395182652934}, "1791-05": {"total": 7.217410362960977, "count": 3199, "prob": 0.0022561457839828}, "1791-04": {"total": 7.973727875560597, "count": 2255, "prob": 0.0035360212308472713}, "1791-06": {"total": 11.056370681603063, "count": 3524, "prob": 0.0031374491150973505}, "1791-07": {"total": 4.506695381990282, "count": 2425, "prob": 0.0018584310853568171}, "1791-08": {"total": 5.687513931987418, "count": 2984, "prob": 0.0019060033284140142}, "1791-09": {"total": 3.961229568193771, "count": 2291, "prob": 0.0017290395321666395}}, "topic 32": {"1789-07": {"total": 7.258821406047807, "count": 506, "prob": 0.014345496849896852}, "1789-08": {"total": 42.435995195348205, "count": 744, "prob": 0.05703762795073684}, "1789-09": {"total": 7.40209898460045, "count": 730, "prob": 0.010139861622740342}, "1789-10": {"total": 15.718764891270203, "count": 861, "prob": 0.018256405216341698}, "1789-11": {"total": 8.869828045217629, "count": 882, "prob": 0.010056494382332913}, "1789-12": {"total": 11.206215770351056, "count": 1039, "prob": 0.01078557821977965}, "1790-01": {"total": 10.701152782491025, "count": 1033, "prob": 0.010359296014028099}, "1790-02": {"total": 14.968757526633977, "count": 1226, "prob": 0.012209427020092967}, "1790-03": {"total": 11.863256496907104, "count": 1488, "prob": 0.007972618613512839}, "1790-05": {"total": 11.394560982193896, "count": 1311, "prob": 0.008691503418912202}, "1790-04": {"total": 16.670101841982902, "count": 1405, "prob": 0.011864841168671104}, "1790-06": {"total": 15.716182688344002, "count": 1849, "prob": 0.008499828387422392}, "1790-07": {"total": 19.102523114190497, "count": 1973, "prob": 0.009681968126807146}, "1790-08": {"total": 16.520133654449577, "count": 1916, "prob": 0.00862219919334529}, "1790-09": {"total": 6.658953010470315, "count": 1130, "prob": 0.005892878770327712}, "1790-11": {"total": 10.895584358222402, "count": 1548, "prob": 0.007038491187482172}, "1790-10": {"total": 9.633366989226772, "count": 1367, "prob": 0.007047086312528729}, "1790-12": {"total": 12.058163199272895, "count": 1210, "prob": 0.009965424131630492}, "1791-01": {"total": 16.690019692714163, "count": 2063, "prob": 0.008090169506890045}, "1791-02": {"total": 23.42397680120727, "count": 2212, "prob": 0.010589501266368567}, "1791-03": {"total": 20.105975406981106, "count": 2363, "prob": 0.008508665005070295}, "1791-05": {"total": 36.21699300951349, "count": 3199, "prob": 0.011321348236796964}, "1791-04": {"total": 25.261097067194356, "count": 2255, "prob": 0.011202260340219226}, "1791-06": {"total": 30.765623422685856, "count": 3524, "prob": 0.008730313116539686}, "1791-07": {"total": 25.58473521247034, "count": 2425, "prob": 0.010550406273183644}, "1791-08": {"total": 49.085367143451094, "count": 2984, "prob": 0.016449519820191386}, "1791-09": {"total": 24.783840962633295, "count": 2291, "prob": 0.01081791399503854}}, "topic 60": {"1789-07": {"total": 11.911255515298027, "count": 506, "prob": 0.02354003066264432}, "1789-08": {"total": 18.95008350629783, "count": 744, "prob": 0.025470542347174503}, "1789-09": {"total": 22.812311845590166, "count": 730, "prob": 0.031249742254233104}, "1789-10": {"total": 15.687055539351237, "count": 861, "prob": 0.01821957670075637}, "1789-11": {"total": 16.996951923580486, "count": 882, "prob": 0.019270920548277195}, "1789-12": {"total": 30.693407775628625, "count": 1039, "prob": 0.0295412971853981}, "1790-01": {"total": 34.88895659346484, "count": 1033, "prob": 0.033774401348949504}, "1790-02": {"total": 36.256293512423824, "count": 1226, "prob": 0.029572833207523512}, "1790-03": {"total": 46.81698794677098, "count": 1488, "prob": 0.03146302953412028}, "1790-05": {"total": 36.69613790669906, "count": 1311, "prob": 0.027990951873912324}, "1790-04": {"total": 61.92419682271167, "count": 1405, "prob": 0.04407416143965243},